Date,CPA,conversion_rate,CPC,CPE,clicks,impressions,purchases,spend,AOV,ROAS,RPC,revenue
2023-01-04 00:00:00,95.97,0.00599,0.5746706586826347,0.027585513078470826,167,43232,1,95.97,90.96,0.9477961863082213,0.5446706586826346,90.96
2023-01-06 00:00:00,15,0.04000,0.6,0.019329896907216496,75,19678,3,45,1855.36,123.69066666666666,74.2144,5566.08
2023-01-08 00:00:00,47.59,0.01205,0.5733734939759036,0.01836033950617284,83,21712,1,47.59,2817.49,59.20340407648665,33.94566265060241,2817.49
2023-01-11 00:00:00,39.98,0.02439,0.9751219512195122,0.013502195204322862,41,12928,1,39.98,54.06,1.3521760880440221,1.3185365853658537,54.06
2023-01-12 00:00:00,13.373333333333333,0.05882,0.7866666666666666,0.013009079118028533,51,13429,3,40.12,95.78666666666668,7.162512462612164,5.634509803921569,287.36
2023-01-19 00:00:00,39.36,0.03030,1.1927272727272726,0.012921864740643467,33,13646,1,39.36,59.01,1.4992378048780488,1.788181818181818,59.01
2023-01-28 00:00:00,41.95,0.03125,1.3109375,0.014944780904880656,32,14742,1,41.95,37.31,0.8893921334922527,1.1659375,37.31
2023-01-31 00:00:00,39.85,0.02564,1.021794871794872,0.015991171749598715,39,13716,1,39.85,2247.03,56.38720200752823,57.61615384615385,2247.03
2023-02-02 00:00:00,7.952,0.19231,1.5292307692307692,0.01724945770065076,26,12220,5,39.76,98.818,12.426810865191147,19.003461538461536,494.09
2023-02-03 00:00:00,40.24,0.02632,1.0589473684210526,0.017916295636687445,38,11770,1,40.24,57.85,1.437624254473161,1.5223684210526316,57.85
2023-02-04 00:00:00,23.505,0.04878,1.1465853658536584,0.01655864741106023,41,18340,2,47.01,1243.6100000000001,52.90831737928101,60.6639024390244,2487.2200000000003
2023-02-05 00:00:00,34.39,0.02564,0.8817948717948718,0.01792079207920792,78,31246,2,68.78,117.185,3.407531259086944,3.00474358974359,234.37
2023-02-06 00:00:00,29.5,0.02564,0.7564102564102564,0.021223021582733814,78,20550,2,59,83.07,2.8159322033898304,2.13,166.14
2023-02-07 00:00:00,57.39,0.01563,0.89671875,0.020150983146067416,64,19825,1,57.39,53.94,0.9398849973863042,0.8428125,53.94
2023-02-10 00:00:00,28.53,0.03704,1.0566666666666666,0.01956119300651354,54,18565,2,57.06,59.17,2.073957237995093,2.1914814814814814,118.34
2023-02-14 00:00:00,56.3,0.01587,0.8936507936507936,0.017549875311720697,63,21763,1,56.3,214.35,3.8072824156305507,3.4023809523809523,214.35
2023-02-16 00:00:00,11.086,0.07463,0.8273134328358209,0.017359849671155652,67,20209,5,55.43,1803.3999999999996,162.67364243189604,134.58208955223878,9016.999999999998
2023-02-17 00:00:00,18.763333333333332,0.04615,0.866,0.016975271411338963,65,19347,3,56.29,152.92333333333335,8.15011547344111,7.058000000000001,458.77000000000004
2023-02-18 00:00:00,19.403333333333332,0.03571,0.6929761904761905,0.017634050287791577,84,20496,3,58.21,237.84333333333333,12.257859474317128,8.494404761904761,713.53
2023-02-20 00:00:00,27.8,0.04167,1.1583333333333334,0.017171093267449044,48,20926,2,55.6,263.93,9.493884892086331,10.997083333333334,527.86
2023-02-22 00:00:00,55.37,0.01724,0.954655172413793,0.01766188197767145,58,19510,1,55.37,58.8,1.0619469026548674,1.013793103448276,58.8
2023-02-24 00:00:00,55.55,0.01754,0.9745614035087719,0.018572383818121027,57,17908,1,55.55,146.64,2.6397839783978396,2.572631578947368,146.64
2023-02-25 00:00:00,57.93,0.01961,1.1358823529411766,0.01932932932932933,51,19292,1,57.93,102.02,1.7610909718625927,2.000392156862745,102.02
2023-02-26 00:00:00,57.95,0.02041,1.1826530612244899,0.01955788052649342,49,20915,1,57.95,58.3,1.0060396893874028,1.1897959183673468,58.3
2023-03-03 00:00:00,47.34,0.02439,1.1546341463414636,0.015202312138728325,41,16641,1,47.34,1273.25,26.89585973806506,31.054878048780488,1273.25
2023-03-05 00:00:00,50.86,0.02041,1.0379591836734694,0.016135786802030455,49,18854,1,50.86,54.74,1.0762878489972474,1.1171428571428572,54.74
2023-03-06 00:00:00,47.21,0.02439,1.1514634146341463,0.014766969033468877,41,17549,1,47.21,113.98,2.4143190002118198,2.7800000000000002,113.98
2023-03-08 00:00:00,46.16,0.02041,0.9420408163265306,0.01702692733308742,49,14999,1,46.16,57.89,1.2541161178509532,1.1814285714285715,57.89
2023-03-11 00:00:00,48.7,0.02857,1.3914285714285715,0.017970479704797048,35,15352,1,48.7,52.44,1.0767967145790553,1.4982857142857142,52.44
2023-03-20 00:00:00,88.05,0.01852,1.6305555555555555,0.021843215083105928,54,36862,1,88.05,105.56,1.1988642816581487,1.9548148148148148,105.56
2023-03-21 00:00:00,21.765,0.07018,1.5273684210526317,0.021683686176836862,57,33337,4,87.06,290.93,13.366873420629451,20.416140350877193,1163.72
2023-03-23 00:00:00,43.765,0.05000,2.18825,0.02293162169242861,40,34915,2,87.53,104.7,2.392322632240375,5.235,209.4
2023-03-28 00:00:00,86.9,0.02326,2.0209302325581397,0.020894445780235634,43,32679,1,86.9,79.31,0.9126582278481012,1.8444186046511628,79.31
2023-03-31 00:00:00,84.08,0.02083,1.7516666666666667,0.022669183068212456,48,32522,1,84.08,147.56,1.7549952426260704,3.0741666666666667,147.56
2023-04-13 00:00:00,59.14,0.02128,1.2582978723404254,0.017053056516724337,47,20260,1,59.14,55.36,0.9360838687859316,1.1778723404255318,55.36
2023-04-14 00:00:00,57.01,0.02381,1.3573809523809524,0.01739170225747407,42,18926,1,57.01,102.17,1.7921417295211368,2.4326190476190477,102.17
2023-04-15 00:00:00,61.34,0.02128,1.3051063829787235,0.016787082649151616,47,20660,1,61.34,118.93,1.9388653407238343,2.5304255319148936,118.93
2023-04-18 00:00:00,29.295,0.04082,1.1957142857142857,0.016256936736958934,49,20157,2,58.59,118.72,4.0525686977299875,4.845714285714286,237.44
2023-04-19 00:00:00,55.6,0.02857,1.5885714285714285,0.017165791911083667,35,19054,1,55.6,306.86,5.519064748201439,8.767428571428573,306.86
2023-04-21 00:00:00,59.32,0.02703,1.6032432432432433,0.017299504228638088,37,19970,1,59.32,116.63,1.9661159811193525,3.152162162162162,116.63
2023-04-23 00:00:00,74.6,0.01754,1.3087719298245613,0.01641725352112676,57,31056,1,74.6,107.35,1.4390080428954424,1.8833333333333333,107.35
2023-04-24 00:00:00,25.796666666666667,0.05660,1.460188679245283,0.017652828467153284,53,33551,3,77.39,80.86999999999999,3.134901150019382,4.577547169811321,242.60999999999999
2023-04-27 00:00:00,83.83,0.01667,1.3971666666666667,0.012647857573928787,60,37272,1,83.83,143.22,1.7084575927472265,2.387,143.22
2023-04-29 00:00:00,49.585,0.02174,1.0779347826086956,0.015217124443762468,92,39715,2,99.17,50.53,1.0190581829182213,1.0984782608695653,101.06
2023-04-30 00:00:00,62.17,0.01639,1.0191803278688525,0.011978805394990367,61,31640,1,62.17,170.01,2.734598681035869,2.7870491803278687,170.01
2023-05-05 00:00:00,73.25,0.01136,0.8323863636363636,0.013354603463992707,88,32568,1,73.25,210.5,2.8737201365187715,2.3920454545454546,210.5
2023-05-10 00:00:00,40.84666666666667,0.01796,0.7337724550898204,0.01709542410714286,167,54898,3,122.54,1818.4366666666667,44.51860616941407,32.66652694610779,5455.31
2023-05-12 00:00:00,12.342,0.06289,0.7762264150943397,0.017341576506955177,159,52750,10,123.42,77.812,6.304650785934208,4.8938364779874215,778.12
2023-05-13 00:00:00,39.42,0.02609,1.0283478260869565,0.016138100436681225,115,52535,3,118.26,58.82,1.4921359715880265,1.5344347826086957,176.46
2023-05-14 00:00:00,61.46,0.01653,1.0158677685950412,0.016291583830351227,121,58759,2,122.92,56.245000000000005,0.9151480637813213,0.9296694214876033,112.49000000000001
2023-05-15 00:00:00,27.6475,0.03922,1.0842156862745098,0.014431684718778547,102,53385,4,110.59,329.5225,11.918708744009402,12.922450980392156,1318.09
2023-05-16 00:00:00,56.75,0.02381,1.3511904761904763,0.015936534681269307,84,51527,2,113.5,58.81,1.0362995594713658,1.4002380952380953,117.62
2023-05-17 00:00:00,110.9,0.01124,1.246067415730337,0.01678268765133172,89,47891,1,110.9,59.12,0.533092876465284,0.6642696629213483,59.12
2023-05-18 00:00:00,24.346666666666668,0.04348,1.0585507246376813,0.019703264094955493,69,25487,3,73.04,74.67333333333333,3.0670865279299013,3.246666666666667,224.02
2023-05-19 00:00:00,10.116,0.06410,0.6484615384615384,0.02117203850983675,78,15855,5,50.58,48.852,4.829181494661921,3.1315384615384616,244.26
2023-05-22 00:00:00,14.9675,0.04878,0.7301219512195122,0.01969407894736842,82,20699,4,59.87,108.6875,7.261566727910473,5.301829268292683,434.75
2023-05-24 00:00:00,20.75,0.04054,0.8412162162162162,0.021727748691099478,74,19421,3,62.25,78.51,3.7836144578313253,3.182837837837838,235.53
2023-05-25 00:00:00,20.223333333333333,0.03448,0.6973563218390805,0.023524621946490888,87,18233,3,60.67,129.98,6.427229273116861,4.482068965517241,389.94
2023-05-26 00:00:00,64.55,0.01351,0.8722972972972972,0.025393391030684498,74,18328,1,64.55,60.25,0.9333849728892332,0.8141891891891891,60.25
2023-05-27 00:00:00,31.98,0.02381,0.7614285714285715,0.023973013493253374,84,19170,2,63.96,116.755,3.6508755472170105,2.7798809523809522,233.51
2023-05-29 00:00:00,59.64,0.01176,0.7016470588235294,0.02304482225656878,85,21500,1,59.64,43.82,0.7347417840375586,0.5155294117647059,43.82
2023-05-30 00:00:00,23.53333333333333,0.03297,0.7758241758241757,0.027708006279434847,91,25106,3,70.6,133.66,5.679603399433428,4.406373626373626,400.97999999999996
2023-05-31 00:00:00,35.225,0.01852,0.6523148148148148,0.027498048399687745,108,25299,2,70.45,177.285,5.032931156848829,3.2830555555555554,354.57
2023-06-01 00:00:00,72.21,0.00901,0.6505405405405404,0.06903441682600382,111,33559,1,72.21,97.16,1.345520011078798,0.8753153153153153,97.16
2023-06-02 00:00:00,73.27,0.00833,0.6105833333333333,0.06524487978628672,120,31539,1,73.27,51.39,0.7013784632182339,0.42825,51.39
2023-06-03 00:00:00,73.27,0.00763,0.5593129770992367,0.09861372812920592,131,30895,1,73.27,172.17,2.349802101815204,1.3142748091603051,172.17
2023-06-04 00:00:00,74.53,0.00685,0.5104794520547945,0.10237637362637363,146,32786,1,74.53,88.96,1.1936133100764792,0.6093150684931506,88.96
2023-06-05 00:00:00,75.14,0.00741,0.5565925925925926,0.09096852300242131,135,31844,1,75.14,59.3,0.7891935054564811,0.43925925925925924,59.3
2023-06-06 00:00:00,24.74,0.01961,0.4850980392156863,0.08521239954075775,153,30614,3,74.22,85.15333333333332,3.4419293990838047,1.669673202614379,255.45999999999998
2023-06-07 00:00:00,36.54,0.01754,0.6410526315789473,0.09744,114,29516,2,73.08,74.13499999999999,2.028872468527641,1.3006140350877191,148.26999999999998
2023-06-09 00:00:00,35.12,0.01587,0.5574603174603174,0.10610271903323262,126,27604,2,70.24,74.49,2.1210136674259683,1.1823809523809523,148.98
2023-06-10 00:00:00,73.98,0.00787,0.5825196850393701,0.10583690987124464,127,29623,1,73.98,89.5,1.2097864287645308,0.7047244094488189,89.5
2023-06-11 00:00:00,77.6,0.00885,0.6867256637168141,0.10210526315789473,113,32045,1,77.6,89.5,1.1533505154639176,0.7920353982300885,89.5
2023-06-13 00:00:00,71.66,0.00862,0.6177586206896551,0.09391874180865006,116,27863,1,71.66,59.64,0.8322634663689646,0.5141379310344828,59.64
2023-06-14 00:00:00,72.97,0.00719,0.5249640287769785,0.09452072538860104,139,28050,1,72.97,59.64,0.8173221872002193,0.42906474820143886,59.64
2023-06-15 00:00:00,72.23,0.00694,0.5015972222222222,0.09119949494949496,144,27946,1,72.23,164.32,2.2749550048456317,1.141111111111111,164.32
2023-06-16 00:00:00,36.52,0.01835,0.6700917431192661,0.09897018970189703,109,28157,2,73.04,54.51,1.4926067907995617,1.0001834862385321,109.02
2023-06-17 00:00:00,73.66,0.00826,0.6087603305785124,0.08184444444444444,121,28719,1,73.66,52.73,0.715856638609829,0.43578512396694213,52.73
2023-06-19 00:00:00,65.61,0.00917,0.6019266055045871,0.09866165413533834,109,26381,1,65.61,105.46,1.607376924249352,0.9675229357798164,105.46
2023-06-21 00:00:00,73.24,0.00787,0.5766929133858267,0.09857335127860026,127,28690,1,73.24,49.6,0.6772255598033862,0.3905511811023622,49.6
2023-06-25 00:00:00,39.475,0.01653,0.6524793388429753,0.08880764904386952,121,34775,2,78.95,105.94,2.683723875870804,1.7510743801652893,211.88
2023-07-02 00:00:00,25.485,0.01802,0.45918918918918916,0.05694972067039106,111,12637,2,50.97,60.06,2.3566804002354327,1.0821621621621622,120.12
2023-07-06 00:00:00,9.946,0.04673,0.4647663551401869,0.04533272561531449,107,13531,5,49.73,142.24200000000002,14.301427709632014,6.646822429906543,711.21
2023-07-07 00:00:00,47.98,0.00926,0.44425925925925924,0.05732377538829151,108,14438,1,47.98,44.75,0.9326802834514382,0.41435185185185186,44.75
2023-07-09 00:00:00,53.8,0.00870,0.4678260869565217,0.061345496009122,115,13287,1,53.8,58.11,1.0801115241635688,0.5053043478260869,58.11
2023-07-10 00:00:00,51.19,0.00935,0.478411214953271,0.06726675427069645,107,13871,1,51.19,119.94,2.34303574916976,1.1209345794392522,119.94
2023-07-11 00:00:00,12.5625,0.05000,0.628125,0.07346491228070176,80,13943,4,50.25,650.2800000000001,51.763582089552244,32.514,2601.1200000000003
2023-07-12 00:00:00,48.43,0.01010,0.4891919191919192,0.0725,99,12953,1,48.43,60.29,1.244889531282263,0.608989898989899,60.29
2023-07-18 00:00:00,50.5,0.00578,0.29190751445086704,0.04316239316239316,173,9196,1,50.5,51.25,1.0148514851485149,0.29624277456647397,51.25
2023-07-20 00:00:00,24.805,0.01242,0.30813664596273294,0.045681399631675876,161,8274,2,49.61,60.475,2.43801652892562,0.7512422360248447,120.95
2023-07-23 00:00:00,53.36,0.00588,0.31388235294117645,0.044915824915824916,170,9558,1,53.36,954.82,17.89392803598201,5.616588235294118,954.82
2023-07-27 00:00:00,25.455,0.01399,0.356013986013986,0.039495733126454616,143,9208,2,50.91,1115.155,43.808878412885484,15.596573426573427,2230.31
2023-07-28 00:00:00,50.47,0.00709,0.3579432624113475,0.04015115354017502,141,9211,1,50.47,52.71,1.044382801664355,0.37382978723404253,52.71
2023-07-29 00:00:00,50.15,0.00645,0.3235483870967742,0.0410392798690671,155,8517,1,50.15,60.19,1.200199401794616,0.3883225806451613,60.19
2023-07-30 00:00:00,65.36,0.00645,0.4216774193548387,0.043544303797468355,155,10215,1,65.36,248.28,3.798653610771114,1.6018064516129031,248.28
2023-07-31 00:00:00,70.13,0.00592,0.4149704142011834,0.0547890625,169,9875,1,70.13,3580.37,51.05332953087124,21.185621301775146,3580.37
2023-08-01 00:00:00,69.9,0.00541,0.37783783783783786,0.043335399876007444,185,11769,1,69.9,175.98,2.5175965665236046,0.9512432432432432,175.98
2023-08-02 00:00:00,68.87,0.00508,0.3495939086294417,0.036868308351177735,197,12675,1,68.87,33.74,0.48990852330477713,0.17126903553299494,33.74
2023-08-03 00:00:00,22.290000000000003,0.01765,0.3933529411764706,0.039474616292798116,170,11622,3,66.87,483,21.668909825033644,8.523529411764706,1449
2023-08-10 00:00:00,47.61,0.00658,0.3132236842105263,0.03880195599022005,152,8569,1,47.61,116.7,2.4511657214870826,0.7677631578947368,116.7
2023-08-13 00:00:00,52.07,0.00694,0.36159722222222224,0.032062807881773396,144,10540,1,52.07,59.25,1.1378913001728443,0.4114583333333333,59.25
2023-08-16 00:00:00,24.585,0.01429,0.3512142857142857,0.03402768166089966,140,9332,2,49.17,706.335,28.73032336790726,10.0905,1412.67
2023-08-20 00:00:00,18.080000000000002,0.04054,0.732972972972973,0.023169585647159336,74,15998,3,54.24,58.82666666666666,3.253687315634218,2.384864864864865,176.48
2023-08-21 00:00:00,40.58,0.02083,0.8454166666666666,0.01978547050219405,48,13190,1,40.58,39.96,0.9847215377033022,0.8325,39.96
2023-08-22 00:00:00,39.24,0.02041,0.8008163265306123,0.021946308724832216,49,12116,1,39.24,151.65,3.864678899082569,3.0948979591836734,151.65
2023-08-25 00:00:00,39.01,0.01754,0.6843859649122807,0.025480078380143694,57,12502,1,39.01,153.68,3.9395026916175344,2.6961403508771933,153.68
2023-08-28 00:00:00,39.93,0.02439,0.9739024390243902,0.0255306905370844,41,12578,1,39.93,69.88,1.7500626095667418,1.704390243902439,69.88
2023-08-29 00:00:00,39.9,0.01961,0.7823529411764706,0.025269157694743506,51,12276,1,39.9,82.06,2.056641604010025,1.6090196078431374,82.06
2023-08-30 00:00:00,131.66,0.01075,1.4156989247311829,0.04421087978509066,93,23672,1,131.66,117.74,0.8942731277533039,1.266021505376344,117.74
2023-09-02 00:00:00,16.646666666666665,0.01887,0.3140880503144654,0.04080065359477124,159,14685,3,49.94,91.16000000000001,5.4761714056868245,1.7200000000000002,273.48
2023-09-03 00:00:00,17.37333333333333,0.01034,0.17972413793103448,0.035263870094722594,290,16830,3,52.12,164.49333333333334,9.468150422102841,1.7016551724137932,493.48
2023-09-05 00:00:00,78.87,0.00295,0.23265486725663717,0.0463668430335097,339,20065,1,78.87,160,2.02865474832002,0.471976401179941,160
2023-09-07 00:00:00,19.7375,0.01299,0.25633116883116885,0.044180190263010635,308,18631,4,78.95,201.685,10.218366054464852,2.619285714285714,806.74
2023-09-08 00:00:00,22.810000000000002,0.03659,0.8345121951219513,0.050839524517087675,82,15624,3,68.43,1124.1733333333334,49.28423206196112,41.128292682926826,3372.52
2023-09-10 00:00:00,36.305,0.03390,1.2306779661016949,0.054065524944154876,59,17174,2,72.61,124.265,3.422806775926181,4.2123728813559325,248.53
2023-09-11 00:00:00,71.79,0.01754,1.2594736842105265,0.05679588607594937,57,16822,1,71.79,78,1.0865022983702464,1.368421052631579,78
2023-09-12 00:00:00,68.88,0.01818,1.2523636363636363,0.055999999999999994,55,16142,1,68.88,78,1.132404181184669,1.4181818181818182,78
2023-09-13 00:00:00,34.75,0.03175,1.1031746031746033,0.05743801652892562,63,14955,2,69.5,528.5,15.20863309352518,16.77777777777778,1057
2023-09-14 00:00:00,69.87,0.01695,1.1842372881355934,0.057130008176614885,59,15444,1,69.87,1837,26.29168455703449,31.135593220338983,1837
2023-09-16 00:00:00,69.5,0.01639,1.139344262295082,0.054940711462450595,61,16233,1,69.5,234,3.366906474820144,3.8360655737704916,234
2023-09-17 00:00:00,73.41,0.01408,1.033943661971831,0.058775020016012806,71,17408,1,73.41,156,2.1250510829587252,2.1971830985915495,156
2023-09-18 00:00:00,17.65,0.06452,1.1387096774193548,0.05426594926979246,62,16588,4,70.6,121.75,6.898016997167139,7.854838709677419,487
2023-09-19 00:00:00,70.14,0.01695,1.188813559322034,0.0520326409495549,59,16091,1,70.14,95,1.354433989164528,1.6101694915254237,95
2023-09-21 00:00:00,34.295,0.03448,1.1825862068965518,0.04854210898796886,58,15815,2,68.59,276,8.04782038197988,9.517241379310345,552
2023-09-22 00:00:00,33.65,0.03846,1.294230769230769,0.04937637564196625,52,14698,2,67.3,360.76,10.720950965824667,13.875384615384615,721.52
2023-09-24 00:00:00,75.88,0.01370,1.0394520547945205,0.060607028753993604,73,16572,1,75.88,95,1.2519768054823406,1.3013698630136987,95
2023-09-26 00:00:00,80.1,0.01299,1.0402597402597402,0.04224683544303797,77,15936,1,80.1,574,7.166042446941324,7.454545454545454,574
2023-09-27 00:00:00,79.2,0.01031,0.8164948453608247,0.04477105709440362,97,15619,1,79.2,91,1.148989898989899,0.9381443298969072,91
2023-09-29 00:00:00,38.655,0.02597,1.004025974025974,0.04563754427390791,77,15834,2,77.31,120,3.104384943733023,3.116883116883117,240
2023-10-01 00:00:00,79.08,0.01449,1.146086956521739,0.04872458410351201,69,19333,1,79.08,48,0.6069802731411229,0.6956521739130435,48
2023-10-02 00:00:00,76.04,0.01471,1.1182352941176472,0.04761427676894177,68,18418,1,76.04,2528,33.245660178853235,37.1764705882353,2528
2023-10-03 00:00:00,25.046666666666667,0.04918,1.2318032786885247,0.04792091836734694,61,17463,3,75.14,1020.3333333333334,40.73729039126963,50.18032786885246,3061
2023-10-04 00:00:00,35.855,0.03448,1.2363793103448275,0.04391304347826087,58,16864,2,71.71,1652.01,46.07474550271929,56.965862068965514,3304.02
2023-10-05 00:00:00,18.4875,0.05797,1.0717391304347827,0.045761138613861385,69,16826,4,73.95,111.43,6.027315753887762,6.459710144927537,445.72
2023-10-06 00:00:00,73.52,0.01852,1.3614814814814815,0.04798955613577023,54,16202,1,73.52,160,2.176278563656148,2.962962962962963,160
2023-10-08 00:00:00,11.102857142857143,0.11111,1.2336507936507937,0.04718882817243473,63,15394,7,77.72,79.92571428571429,7.198661863098302,8.880634920634922,559.48
2023-10-09 00:00:00,25.74,0.05769,1.4849999999999999,0.04615660490137478,52,14410,3,77.22,557.2666666666667,21.64983164983165,32.15,1671.8
2023-10-11 00:00:00,24.723333333333333,0.06667,1.6482222222222223,0.04835071707953064,45,13275,3,74.17,157.59666666666666,6.3744101388701635,10.506444444444444,472.79
2023-10-15 00:00:00,78.12,0.01538,1.201846153846154,0.04045572242361471,65,19980,1,78.12,93,1.1904761904761905,1.4307692307692308,93
2023-10-16 00:00:00,38.42,0.03509,1.3480701754385966,0.042855549358616844,57,18878,2,76.84,197,5.127537740760021,6.912280701754386,394
2023-10-17 00:00:00,18.6475,0.09091,1.6952272727272728,0.03725774225774226,44,17934,4,74.59,92.58250000000001,4.96487464807615,8.41659090909091,370.33000000000004
2023-10-18 00:00:00,73.3,0.01754,1.2859649122807018,0.03751279426816786,57,17448,1,73.3,93,1.2687585266030015,1.631578947368421,93
2023-10-20 00:00:00,72.35,0.01754,1.269298245614035,0.040239154616240266,57,17569,1,72.35,200,2.7643400138217005,3.508771929824561,200
2023-10-22 00:00:00,38.86,0.03030,1.1775757575757575,0.043346346904629116,66,18933,2,77.72,91.5,2.3546062789500772,2.772727272727273,183
2023-10-26 00:00:00,72.91,0.02632,1.9186842105263158,0.04243888242142026,38,16312,1,72.91,113,1.549855986833082,2.973684210526316,113
2023-10-29 00:00:00,78.28,0.01818,1.4232727272727272,0.04954430379746835,55,17913,1,78.28,193,2.4655084312723554,3.5090909090909093,193
2023-10-30 00:00:00,76.96,0.01818,1.3992727272727272,0.0435048049745619,55,17574,1,76.96,70.2,0.9121621621621623,1.2763636363636364,70.2
2023-11-01 00:00:00,14.815999999999999,0.07143,1.0582857142857143,0.038887139107611546,70,17917,5,74.08,139.078,9.38701403887689,9.934142857142858,695.39
2023-11-02 00:00:00,24.16,0.05085,1.2284745762711866,0.03932718393922952,59,16607,3,72.48,280,11.589403973509933,14.23728813559322,840
2023-11-04 00:00:00,77.08,0.01493,1.1504477611940298,0.045717674970344006,67,16298,1,77.08,160,2.075765438505449,2.388059701492537,160
2023-11-05 00:00:00,26.356666666666666,0.06383,1.6823404255319148,0.04546866014951121,47,18042,3,79.07,210.33333333333334,7.980270646262806,13.425531914893616,631
2023-11-06 00:00:00,75.22,0.02222,1.6715555555555555,0.04443000590667454,45,16891,1,75.22,110,1.4623770273863335,2.4444444444444446,110
2023-11-07 00:00:00,37.195,0.04082,1.5181632653061226,0.04655193992490613,49,15634,2,74.39,427,11.480037639467671,17.428571428571427,854
2023-11-10 00:00:00,73.93,0.02128,1.5729787234042554,0.041533707865168544,47,15512,1,73.93,68,0.9197889895847422,1.446808510638298,68
2023-11-11 00:00:00,37.865,0.02740,1.0373972602739727,0.04390144927536232,73,16072,2,75.73,118.5,3.1295391522514193,3.2465753424657535,237
2023-11-13 00:00:00,76.57,0.01786,1.3673214285714284,0.04103429796355841,56,15843,1,76.57,83,1.0839754473031213,1.4821428571428572,83
2023-11-14 00:00:00,24.713333333333335,0.05357,1.3239285714285713,0.041303621169916434,56,15381,3,74.14,158,6.393309954140815,8.464285714285714,474
2023-11-15 00:00:00,36.155,0.04762,1.7216666666666667,0.04505295950155763,42,15162,2,72.31,459,12.695339510441157,21.857142857142858,918
2023-11-19 00:00:00,77.53,0.01887,1.4628301886792454,0.07608439646712463,53,14266,1,77.53,158,2.0379208048497355,2.981132075471698,158
2023-11-21 00:00:00,73.91,0.01818,1.3438181818181818,0.11198484848484848,55,12103,1,73.91,36,0.48707887971857666,0.6545454545454545,36
2023-11-22 00:00:00,73.73,0.02439,1.7982926829268293,0.15554852320675105,41,11799,1,73.73,80,1.0850400108504001,1.951219512195122,80
2023-11-24 00:00:00,18.2925,0.09302,1.7016279069767442,0.2892094861660079,43,9192,4,73.17,224.8,12.289189558562253,20.911627906976744,899.2
2023-11-27 00:00:00,7.69,0.43478,3.3434782608695657,0.2496753246753247,23,10302,10,76.9,217.263,28.252665799739923,94.46217391304349,2172.63
2023-11-28 00:00:00,37.265,0.06452,2.404193548387097,0.1360036496350365,31,11863,2,74.53,138.55,3.717965919763854,8.938709677419356,277.1
2023-11-30 00:00:00,36.435,0.04082,1.4871428571428573,0.11385937500000001,49,13132,2,72.87,97.5,2.6759983532317824,3.979591836734694,195
2023-12-01 00:00:00,19.7125,0.10526,2.0749999999999997,0.14207207207207206,38,14057,4,78.85,262.75,13.329105897273305,27.657894736842106,1051
2023-12-02 00:00:00,84.8,0.01667,1.4133333333333333,0.12254335260115606,60,15292,1,84.8,278,3.278301886792453,4.633333333333334,278
2023-12-03 00:00:00,27.616666666666664,0.06383,1.7627659574468084,0.14138225255972695,47,16045,3,82.85,130,4.707302353651177,8.297872340425531,390
2023-12-04 00:00:00,27.246666666666666,0.05882,1.6027450980392155,0.14916058394160583,51,15410,3,81.74,96.13333333333333,3.5282603376559822,5.654901960784313,288.4
2023-12-06 00:00:00,78.52,0.02326,1.826046511627907,0.13263513513513514,43,13830,1,78.52,6198.4,78.94039735099338,144.14883720930231,6198.4
2023-12-07 00:00:00,25.853333333333335,0.08571,2.216,0.13235494880546075,35,14439,3,77.56,172.66666666666666,6.67870036101083,14.8,518
2023-12-08 00:00:00,78.64,0.01961,1.5419607843137255,0.1317252931323283,51,14022,1,78.64,158.4,2.014242115971516,3.1058823529411765,158.4
2023-12-09 00:00:00,27.13,0.06000,1.6278,0.1291904761904762,50,14429,3,81.39,80,2.948765204570586,4.8,240
2023-12-10 00:00:00,83.73,0.01887,1.579811320754717,0.14819469026548673,53,15258,1,83.73,148,1.7675862892631076,2.792452830188679,148
2023-12-11 00:00:00,26.98,0.07317,1.9741463414634146,0.15535508637236084,41,15699,3,80.94,149.33333333333334,5.5349641709908575,10.926829268292684,448
2023-12-12 00:00:00,39.965,0.04545,1.8165909090909091,0.16652083333333334,44,14965,2,79.93,397.8,9.953709495808832,18.081818181818182,795.6
2023-12-13 00:00:00,78.06,0.02381,1.8585714285714285,0.1867464114832536,42,14481,1,78.06,56.3,0.7212400717396874,1.3404761904761904,56.3
2023-12-15 00:00:00,19.44,0.09302,1.8083720930232559,0.16370526315789474,43,14226,4,77.76,3177.5,163.45164609053498,295.5813953488372,12710
2023-12-16 00:00:00,26.92,0.08824,2.375294117647059,0.14268551236749116,34,14978,3,80.76,104,3.8632986627043087,9.176470588235293,312
2023-12-17 00:00:00,41.89,0.03774,1.580754716981132,0.19995226730310262,53,14776,2,83.78,80,1.90976366674624,3.018867924528302,160
2023-12-18 00:00:00,80.55,0.02381,1.9178571428571427,0.17065677966101694,42,14857,1,80.55,190,2.3587833643699567,4.523809523809524,190
2023-12-19 00:00:00,26.34,0.08571,2.2577142857142856,0.16428274428274428,35,14588,3,79.02,164.66666666666666,6.2515818780055685,14.114285714285714,494
2023-12-20 00:00:00,13.103333333333333,0.12000,1.5724,0.14191335740072203,50,15024,6,78.62,126.5,9.654032052912743,15.18,759
2023-12-21 00:00:00,38.875,0.03922,1.5245098039215685,0.125,51,15450,2,77.75,725.5,18.662379421221864,28.45098039215686,1451
2023-12-22 00:00:00,15.930000000000001,0.10417,1.659375,0.1192365269461078,48,15693,5,79.65,233.6,14.664155681104832,24.333333333333332,1168
2023-12-25 00:00:00,81.17,0.01389,1.127361111111111,0.14391843971631205,72,19785,1,81.17,138,1.70013551804854,1.9166666666666667,138
2023-12-26 00:00:00,26.483333333333334,0.04918,1.3024590163934426,0.15763888888888888,61,17449,3,79.45,164.33333333333334,6.2051604782882315,8.081967213114755,493
2023-12-27 00:00:00,38.675,0.03922,1.5166666666666666,0.1537773359840954,51,17094,2,77.35,2847.405,73.62391725921138,111.6629411764706,5694.81
2023-12-28 00:00:00,19.6525,0.06780,1.3323728813559321,0.1305813953488372,59,18821,4,78.61,83.75,4.261544332782089,5.677966101694915,335
2023-12-30 00:00:00,80.94,0.01471,1.1902941176470587,0.11226074895977808,68,18317,1,80.94,80,0.9883864591055103,1.1764705882352942,80
2023-12-31 00:00:00,82.85,0.01695,1.4042372881355931,0.12746153846153846,59,21603,1,82.85,311,3.7537718768859385,5.271186440677966,311
2024-01-02 00:00:00,78.01,0.01515,1.1819696969696971,0.09739076154806492,66,24889,1,78.01,72,0.9229585950519164,1.0909090909090908,72
2024-01-04 00:00:00,39.73,0.02985,1.1859701492537313,0.13047619047619047,67,21475,2,79.46,1032.5,25.98791844953436,30.82089552238806,2065
2024-01-06 00:00:00,40.4,0.03077,1.243076923076923,0.1243076923076923,65,22485,2,80.8,70,1.7326732673267327,2.1538461538461537,140
2024-01-07 00:00:00,83.11,0.01639,1.3624590163934427,0.12115160349854227,61,24246,1,83.11,80,0.9625797136325352,1.3114754098360655,80
2024-01-10 00:00:00,78.43,0.01613,1.2650000000000001,0.1244920634920635,62,20308,1,78.43,318,4.054570954991712,5.129032258064516,318
2024-01-11 00:00:00,19.6175,0.06349,1.2455555555555555,0.14113309352517986,63,22071,4,78.47,116.25,5.925831527972473,7.380952380952381,465
2024-01-12 00:00:00,77.7,0.01471,1.1426470588235293,0.1482824427480916,68,21724,1,77.7,2659,34.22136422136422,39.10294117647059,2659
2024-01-13 00:00:00,20.595,0.07843,1.6152941176470588,0.10615979381443298,51,22797,4,82.38,614.285,29.826899732944888,48.17921568627451,2457.14
2024-01-16 00:00:00,42.64,0.01613,0.687741935483871,0.053872394188250156,124,24162,2,85.28,133.5,3.1308630393996246,2.153225806451613,267
2024-01-17 00:00:00,41.575,0.01527,0.6347328244274809,0.05413411458333334,131,22365,2,83.15,295.6,7.110042092603728,4.512977099236641,591.2
2024-01-18 00:00:00,20.5575,0.04444,0.9136666666666667,0.04449675324675325,90,21818,4,82.23,103.5,5.034658883619117,4.6,414
2024-01-19 00:00:00,41.855,0.02410,1.0085542168674697,0.04604510451045104,83,21306,2,83.71,144,3.440449169752718,3.4698795180722892,288
2024-01-20 00:00:00,21.3375,0.03883,0.828640776699029,0.04631036353771025,103,21618,4,85.35,203.25,9.52548330404218,7.893203883495145,813
2024-01-21 00:00:00,88.49,0.01064,0.9413829787234042,0.048249727371864774,94,22626,1,88.49,80,0.9040569555882021,0.851063829787234,80
2024-01-22 00:00:00,82.89,0.01010,0.8372727272727273,0.045922437673130194,99,20809,1,82.89,80,0.9651345156231149,0.8080808080808081,80
2024-01-23 00:00:00,26.563333333333333,0.03409,0.9055681818181818,0.04492108229988726,88,19164,3,79.69,1293.3333333333333,48.68866859078931,44.09090909090909,3880
2024-01-25 00:00:00,25.653333333333332,0.03030,0.7773737373737373,0.03928534966819806,99,20009,3,76.96,139.33333333333334,5.4313929313929314,4.222222222222222,418
2024-01-26 00:00:00,78.68,0.01149,0.904367816091954,0.04138874276696476,87,20337,1,78.68,45,0.5719369598373156,0.5172413793103449,45
2024-01-27 00:00:00,40.595,0.02105,0.8546315789473684,0.04441466083150985,95,20434,2,81.19,119,2.931395492055672,2.5052631578947366,238
2024-01-28 00:00:00,84.32,0.01190,1.0038095238095237,0.04788188529244747,84,22915,1,84.32,315,3.735768500948767,3.75,315
2024-01-30 00:00:00,80.12,0.01235,0.9891358024691359,0.04803357314148681,81,19380,1,80.12,155,1.9345981028457313,1.9135802469135803,155
2024-02-01 00:00:00,9.70875,0.14545,1.4121818181818182,0.04555425219941349,55,19680,8,77.67,626.625,64.5422943221321,91.14545454545454,5013
2024-02-02 00:00:00,25.633333333333336,0.04545,1.1651515151515153,0.05016307893020222,66,18661,3,76.9,142.66666666666666,5.565669700910273,6.484848484848484,428
2024-02-03 00:00:00,82.68,0.01010,0.8351515151515152,0.047958236658932715,99,20103,1,82.68,246,2.9753265602322205,2.484848484848485,246
2024-02-04 00:00:00,82,0.01786,1.4642857142857142,0.053735255570117955,56,20231,1,82,828,10.097560975609756,14.785714285714286,828
2024-02-05 00:00:00,81.09,0.01235,1.001111111111111,0.051715561224489795,81,20147,1,81.09,160,1.9731162905413737,1.9753086419753085,160
2024-02-06 00:00:00,40.245,0.02985,1.2013432835820894,0.05348172757475083,67,19054,2,80.49,127.715,3.173437694123494,3.8123880597014925,255.43
2024-02-07 00:00:00,78.05,0.01266,0.9879746835443037,0.04887288666249217,79,18563,1,78.05,70.43,0.902370275464446,0.8915189873417723,70.43
2024-02-08 00:00:00,12.823333333333332,0.06977,0.8946511627906977,0.04737684729064039,86,18643,6,76.94,976.6666666666666,76.16324408630102,68.13953488372093,5860
2024-02-09 00:00:00,39.38,0.02857,1.1251428571428572,0.04916354556803995,70,18544,2,78.76,619,15.718638902996444,17.685714285714287,1238
2024-02-10 00:00:00,82.52,0.01149,0.9485057471264368,0.04980084490042245,87,19642,1,82.52,68,0.8240426563257393,0.7816091954022989,68
2024-02-11 00:00:00,41.06,0.02151,0.8830107526881721,0.04799532437171245,93,20245,2,82.12,126.5,3.0808572820263027,2.7204301075268815,253
2024-02-12 00:00:00,39.675,0.02564,1.0173076923076922,0.04910272277227722,78,19984,2,79.35,119,2.999369880277253,3.051282051282051,238
2024-02-13 00:00:00,84.67,0.01333,1.1289333333333333,0.052753894080996885,75,20143,1,84.67,1850,21.849533482933744,24.666666666666668,1850
2024-02-15 00:00:00,38.035,0.02326,0.8845348837209301,0.050310846560846556,86,19751,2,76.07,146.87,3.8614434073879327,3.415581395348837,293.74
2024-02-17 00:00:00,41.51,0.02469,1.0249382716049382,0.050995085995085995,81,21426,2,83.02,150.5,3.625632377740304,3.7160493827160495,301
2024-02-18 00:00:00,41.1,0.02500,1.0275,0.05003043213633597,80,21211,2,82.2,79,1.922141119221411,1.975,158
2024-02-20 00:00:00,80.33,0.01613,1.2956451612903226,0.05563019390581717,62,19299,1,80.33,79.59,0.9907879995020541,1.2837096774193548,79.59
2024-02-24 00:00:00,96.45,0.01020,0.9841836734693877,0.05047095761381476,98,24040,1,96.45,333,3.452566096423017,3.3979591836734695,333
2024-02-25 00:00:00,41.47,0.03636,1.508,0.0493984514592019,55,20492,2,82.94,176.5,4.256088738847359,6.418181818181818,353
2024-02-26 00:00:00,47.85,0.02899,1.3869565217391304,0.05737410071942446,69,26811,2,95.7,114.5,2.3928944618599792,3.318840579710145,229
2024-02-27 00:00:00,55.065,0.02899,1.596086956521739,0.058239026969857215,69,35386,2,110.13,222.5,4.040679197312268,6.449275362318841,445
2024-02-29 00:00:00,93.52,0.02174,2.0330434782608693,0.11226890756302521,46,24268,1,93.52,1332,14.242942686056459,28.956521739130434,1332
2024-03-02 00:00:00,96.14,0.01695,1.6294915254237288,0.08804029304029304,59,26793,1,96.14,78,0.8113168296234657,1.3220338983050848,78
2024-03-03 00:00:00,99.76,0.01299,1.2955844155844156,0.11171332586786115,77,26089,1,99.76,140.47,1.4080793905372895,1.8242857142857143,140.47
2024-03-04 00:00:00,97.43,0.01887,1.838301886792453,0.12752617801047123,53,25745,1,97.43,140.47,1.441753053474289,2.650377358490566,140.47
2024-03-05 00:00:00,94.85,0.01471,1.3948529411764705,0.102319309600863,68,25026,1,94.85,95,1.0015814443858726,1.3970588235294117,95
2024-03-06 00:00:00,92.94,0.01852,1.721111111111111,0.10549375709421112,54,25646,1,92.94,852,9.167204648160103,15.777777777777779,852
2024-03-07 00:00:00,18.256,0.09615,1.7553846153846153,0.09954198473282443,52,26077,5,91.28,126.314,6.919040315512707,12.145576923076922,631.5699999999999
2024-03-09 00:00:00,96.72,0.01333,1.2896,0.10547437295528898,75,27299,1,96.72,150,1.5508684863523574,2,150
2024-03-11 00:00:00,48.745,0.02439,1.18890243902439,0.11469411764705882,82,26184,2,97.49,171.5,3.5183095702123297,4.182926829268292,343
2024-03-12 00:00:00,47.01,0.02899,1.362608695652174,0.13022160664819943,69,25093,2,94.02,321,6.828334396936822,9.304347826086957,642
2024-03-16 00:00:00,97.03,0.01351,1.3112162162162162,0.10344349680170575,74,25633,1,97.03,70,0.7214263629805214,0.9459459459459459,70
2024-03-17 00:00:00,49.75,0.03922,1.9509803921568627,0.12223587223587223,51,26230,2,99.5,114,2.291457286432161,4.470588235294118,228
2024-03-19 00:00:00,94.28,0.01724,1.6255172413793104,0.1041767955801105,58,24343,1,94.28,435,4.6139159949087825,7.5,435
2024-03-20 00:00:00,51.23,0.02353,1.2054117647058822,0.11669703872437356,85,25322,2,102.46,2242.5,43.77317977747414,52.76470588235294,4485
2024-03-22 00:00:00,102.28,0.00952,0.9740952380952381,0.11057297297297297,105,25748,1,102.28,65.51,0.6404966757919437,0.623904761904762,65.51
2024-03-25 00:00:00,96.37,0.01695,1.6333898305084746,0.10566885964912281,59,25648,1,96.37,147.49,1.5304555359551728,2.4998305084745764,147.49
2024-03-28 00:00:00,46.395,0.03226,1.4966129032258066,0.11598750000000001,62,23046,2,92.79,1031.49,22.23278370514064,33.273870967741935,2062.98
2024-03-29 00:00:00,93.86,0.01538,1.444,0.1055793025871766,65,24941,1,93.86,61.7,0.6573620285531643,0.9492307692307693,61.7
2024-03-30 00:00:00,95.59,0.01852,1.7701851851851853,0.11379761904761905,54,25053,1,95.59,138,1.4436656554032847,2.5555555555555554,138
2024-03-31 00:00:00,33.04,0.04918,1.6249180327868853,0.11828162291169451,61,27675,3,99.12,185.66666666666666,5.619451170298627,9.131147540983607,557
2024-04-01 00:00:00,90.79,0.01563,1.41859375,0.06735163204747775,64,27625,1,90.79,80,0.881154312148915,1.25,80
2024-04-02 00:00:00,66.34,0.02041,1.3538775510204082,0.051949882537196554,49,19793,1,66.34,476,7.175158275550196,9.714285714285714,476
2024-04-04 00:00:00,33.16,0.02985,0.9898507462686567,0.04816267247639796,67,18615,2,66.32,119,3.5886610373944516,3.5522388059701493,238
2024-04-06 00:00:00,69.68,0.01818,1.266909090909091,0.049070422535211274,55,19029,1,69.68,80,1.148105625717566,1.4545454545454546,80
2024-04-09 00:00:00,64.5,0.02703,1.7432432432432432,0.058265582655826556,37,17170,1,64.5,470,7.286821705426356,12.702702702702704,470
2024-04-10 00:00:00,63.46,0.01961,1.2443137254901961,0.06346,51,16925,1,63.46,68,1.0715411282697762,1.3333333333333333,68
2024-04-11 00:00:00,15.8625,0.09756,1.5475609756097561,0.06889250814332248,41,17136,4,63.45,248.75,15.681639085894405,24.26829268292683,995
2024-04-12 00:00:00,31.785,0.05405,1.7181081081081082,0.07966165413533835,37,16220,2,63.57,113,3.555136070473494,6.108108108108108,226
2024-04-13 00:00:00,65.21,0.02778,1.8113888888888887,0.06981798715203426,36,17535,1,65.21,78,1.1961355620303635,2.1666666666666665,78
2024-04-15 00:00:00,33.145,0.04000,1.3258,0.06985247629083247,50,18564,2,66.29,236,7.120229295519685,9.44,472
2024-04-17 00:00:00,31.36,0.04651,1.4586046511627906,0.054777292576419216,43,16124,2,62.72,420.1,13.396045918367347,19.539534883720933,840.2
2024-04-18 00:00:00,64.28,0.02222,1.4284444444444444,0.05648506151142355,45,15460,1,64.28,98,1.5245799626633478,2.1777777777777776,98
2024-04-20 00:00:00,33.13,0.04762,1.5776190476190477,0.05916071428571429,42,17086,2,66.26,169.20000000000002,5.10715363718684,8.057142857142859,338.40000000000003
2024-04-21 00:00:00,33.85,0.03774,1.2773584905660378,0.05717905405405406,53,17208,2,67.7,172.46,5.094830132939439,6.507924528301887,344.92
2024-04-22 00:00:00,65.02,0.02439,1.5858536585365852,0.05847122302158273,41,15751,1,65.02,1250,19.224853891110428,30.48780487804878,1250
2024-04-23 00:00:00,21.349999999999998,0.06122,1.3071428571428572,0.059581395348837204,49,15552,3,64.05,570.2666666666667,26.7103825136612,34.91428571428571,1710.8
2024-04-25 00:00:00,32.995,0.03922,1.2939215686274508,0.06520750988142292,51,15798,2,65.99,346.5,10.501591150174269,13.588235294117647,693
2024-04-29 00:00:00,54.81,0.01818,0.9965454545454546,0.04298823529411765,55,14926,1,54.81,145.35,2.651888341543514,2.6427272727272726,145.35
2024-04-30 00:00:00,21.105,0.04082,0.8614285714285714,0.04840596330275229,49,14215,2,42.21,572.75,27.138118929163706,23.377551020408163,1145.5
2024-05-01 00:00:00,39.63,0.03030,1.200909090909091,0.04892592592592593,33,14249,1,39.63,56.67,1.4299772899318697,1.7172727272727273,56.67
2024-05-04 00:00:00,66.21,0.01220,0.8074390243902438,0.04416944629753168,82,16982,1,66.21,137.7,2.0797462618939737,1.6792682926829268,137.7
2024-05-05 00:00:00,42.885,0.01942,0.8327184466019417,0.045744,103,20231,2,85.77,226.04,5.270840620263495,4.389126213592233,452.08
2024-05-06 00:00:00,45.22,0.01709,0.772991452991453,0.056666666666666664,117,18991,2,90.44,232.15,5.133790358248563,3.9683760683760685,464.3
2024-05-07 00:00:00,29.613333333333333,0.02362,0.6995275590551181,0.055525000000000005,127,18743,3,88.84,404.22333333333336,13.650045024763621,9.548582677165355,1212.67
2024-05-08 00:00:00,30.33,0.02586,0.7843965517241379,0.06021839841164791,116,18451,3,90.99,143.87333333333333,4.743598197604133,3.720862068965517,431.62
2024-05-09 00:00:00,12.732857142857142,0.07071,0.9003030303030303,0.06034529451591063,99,18852,7,89.13,257.93857142857144,20.25771345226074,18.238080808080806,1805.57
2024-05-11 00:00:00,57.88,0.01342,0.7769127516778523,0.05808329152032113,149,21497,2,115.76,249.89,4.317380787836903,3.354228187919463,499.78
2024-05-12 00:00:00,30.065,0.02649,0.7964238410596027,0.06983739837398374,151,23285,4,120.26,154.35,5.133876600698486,4.088741721854304,617.4
2024-05-13 00:00:00,22.224,0.04348,0.9662608695652174,0.06673873873873874,115,22462,5,111.12,137.22600000000003,6.174676025917927,5.966347826086958,686.1300000000001
2024-05-14 00:00:00,19.81,0.05263,1.0426315789473684,0.0368901303538175,38,12802,2,39.62,114.025,5.75593134780414,6.001315789473685,228.05
2024-05-15 00:00:00,31.86,0.02878,0.9168345323741007,0.06346613545816733,139,22385,4,127.44,81.71,2.5646578782172003,2.35136690647482,326.84
2024-05-16 00:00:00,134.9,0.00719,0.9705035971223022,0.053552997221119496,139,21460,1,134.9,158,1.1712379540400295,1.1366906474820144,158
2024-05-17 00:00:00,44.88666666666666,0.02190,0.982919708029197,0.05708350996184824,137,24275,3,134.66,454.27333333333337,10.120451507500373,9.947591240875914,1362.8200000000002
2024-05-20 00:00:00,28.9325,0.03774,1.0917924528301888,0.06113576333861596,106,23390,4,115.73,132.075,4.564935626026094,4.983962264150943,528.3
2024-05-21 00:00:00,113.37,0.01075,1.219032258064516,0.06408705483323912,93,22939,1,113.37,413,3.6429390491311633,4.440860215053763,413
2024-05-22 00:00:00,114.62,0.01163,1.3327906976744186,0.06766233766233766,86,21870,1,114.62,384,3.350200663060548,4.465116279069767,384
2024-05-23 00:00:00,38.11666666666667,0.02857,1.089047619047619,0.09097056483691328,105,21026,3,114.35,152.51666666666668,4.0013117621338,4.357619047619048,457.55
2024-05-24 00:00:00,12.75,0.09184,1.1709183673469388,0.09995644599303136,98,21215,9,114.75,317.30888888888893,24.886971677559913,29.140612244897962,2855.78
2024-05-25 00:00:00,12.986666666666666,0.08911,1.1572277227722771,0.08167714884696016,101,21289,9,116.88,116.44333333333333,8.966375770020534,10.376138613861386,1047.99
2024-05-26 00:00:00,40.49666666666666,0.02830,1.1461320754716982,0.08634683724235963,106,21352,3,121.49,57.52333333333333,1.4204461272532718,1.6280188679245282,172.57
2024-05-28 00:00:00,22.662,0.04464,1.0116964285714285,0.060399786780383796,112,22422,5,113.31,1185.1460000000002,52.296619892330774,52.908303571428576,5925.7300000000005
2024-05-29 00:00:00,18.735,0.04167,0.780625,0.07021236727045596,144,22859,6,112.41,208.33,11.119829196690686,8.680416666666666,1249.98
2024-05-30 00:00:00,21.61931825,0.04762,1.0294913452380952,0.09508221330401319,168,18897,8,172.954546,493.9375,22.847043291940995,23.520833333333332,3951.5
2024-05-31 00:00:00,52.756908249999995,0.01533,0.8085349923371646,0.10446912524752475,261,18210,4,211.02763299999998,132.03,2.5026106415172653,2.023448275862069,528.12
2024-06-01 00:00:00,29.543920749999998,0.02623,0.7749225114754098,0.10485863620230701,305,21531,8,236.35136599999998,69.16625,2.3411330738828906,1.8141967213114756,553.33
2024-06-02 00:00:00,40.173058166666664,0.01942,0.7800593818770226,0.09911116324013157,309,21495,6,241.03834899999998,503.3416666666667,12.529334077043485,9.773624595469256,3020.05
2024-06-04 00:00:00,36.70555775,0.02516,0.9234102578616351,0.11381568294573642,159,12558,4,146.822231,82.8425,2.2569470423045135,2.0840880503144654,331.37
2024-06-05 00:00:00,144.754671,0.00549,0.7953553351648351,0.08499980681150911,182,13752,1,144.754671,56.77,0.39218078150997976,0.3119230769230769,56.77
2024-06-06 00:00:00,47.98599333333333,0.01667,0.7997665555555555,0.07694173169428113,180,13470,3,143.95798,661.2199999999999,13.779437583105848,11.020333333333333,1983.6599999999999
2024-06-07 00:00:00,70.1495,0.01258,0.8823836477987422,0.08554817073170733,159,14003,2,140.299,107.675,1.5349361007562419,1.3544025157232704,215.35
2024-06-08 00:00:00,69.84960650000001,0.01111,0.7761067388888889,0.08736661225766104,180,15375,2,139.69921300000001,129.58,1.8551285611036334,1.4397777777777778,259.16
2024-06-09 00:00:00,42.592774999999996,0.01911,0.8138746815286624,0.08143934034416826,157,14282,3,127.778325,231.93666666666664,5.4454462445019525,4.431910828025478,695.81
2024-06-12 00:00:00,58.5863775,0.01515,0.8876723863636363,0.07633404234527687,132,12383,2,117.172755,75.54,1.2893782347270064,1.1445454545454545,151.08
2024-06-13 00:00:00,66.0315365,0.01198,0.7907968443113773,0.0630372663484487,167,14646,2,132.063073,139.055,2.1058876920121343,1.6653293413173653,278.11
2024-06-14 00:00:00,64.67015633333334,0.01056,0.6831354542253522,0.07605271226969816,284,21254,3,194.010469,130.85333333333332,2.023395964266238,1.3822535211267606,392.56
2024-06-15 00:00:00,30.5489468,0.02538,0.7753539796954314,0.0680680632798574,197,15882,5,152.744734,396.072,12.965160553423729,10.052588832487311,1980.3600000000001
2024-06-16 00:00:00,42.98041933333334,0.01435,0.6169438181818182,0.052758288870703766,209,16754,3,128.941258,66.26,1.541632236905894,0.9511004784688996,198.78
2024-06-17 00:00:00,49.299973333333334,0.01181,0.5822831496062992,0.0500846325770403,254,20434,3,147.89992,317.87666666666667,6.44780605696068,3.7544488188976377,953.63
2024-06-18 00:00:00,38.509115333333334,0.01685,0.6490300337078652,0.056938070970921635,178,15259,3,115.527346,59.669999999999995,1.5495032665253126,1.0056741573033707,179.01
2024-06-20 00:00:00,54.6253095,0.01198,0.6541953233532934,0.0739178748308525,167,13603,2,109.250619,242.6,4.441164768137377,2.905389221556886,485.2
2024-06-22 00:00:00,12.734690142857144,0.07071,0.9004326363636364,0.07080447259729944,99,10715,7,89.142831,77.00571428571428,6.046924850300075,5.444848484848484,539.04
2024-06-23 00:00:00,24.59597725,0.03175,0.7808246746031746,0.06836963794301598,126,12716,4,98.383909,57.5375,2.3393053024555064,1.8265873015873015,230.15
2024-06-24 00:00:00,30.283236249999998,0.02286,0.6921882571428571,0.06266577599586134,175,16855,4,121.13294499999999,104.23249999999999,3.441920775557797,2.3824571428571426,416.92999999999995
2024-06-25 00:00:00,55.656112500000006,0.01227,0.6828970858895707,0.06274646279594139,163,14854,2,111.31222500000001,131.225,2.357782354992904,1.610122699386503,262.45
2024-06-26 00:00:00,20.036686,0.04444,0.8905193777777778,0.08063052716297787,135,13477,6,120.220116,217.40499999999997,10.850347208116151,9.662444444444443,1304.4299999999998
2024-06-27 00:00:00,62.4250385,0.01563,0.9753912265625,0.07498503123123124,128,14872,2,124.850077,78.86500000000001,1.2633552480708523,1.2322656250000001,157.73000000000002
2024-06-28 00:00:00,28.122970000000002,0.02703,0.7600802702702704,0.0679709244712991,148,14701,4,112.49188000000001,898.8375,31.960973538712302,24.292905405405406,3595.35
2024-06-29 00:00:00,27.819343,0.02395,0.6663315688622754,0.060740923580786026,167,14836,4,111.277372,114.6975,4.122940646010224,2.747245508982036,458.79
2024-06-30 00:00:00,38.16828933333333,0.01765,0.6735580470588235,0.056406338916256155,170,15958,3,114.50486799999999,67.02666666666666,1.7560825448923272,1.1828235294117646,201.07999999999998
2024-07-01 00:00:00,39.39647366666667,0.01639,0.645843830601093,0.05319055850585059,183,18141,3,118.18942100000001,1211.93,30.76239793069127,19.867704918032786,3635.79
2024-07-03 00:00:00,37.95598433333333,0.01887,0.7161506477987422,0.05745103582240162,159,15697,3,113.867953,115.91666666666667,3.0539760383678805,2.1871069182389937,347.75
2024-07-04 00:00:00,38.555579,0.01571,0.6055850104712043,0.05053155832241154,191,18372,3,115.66673700000001,271.7,7.046969778355552,4.267539267015707,815.1
2024-07-05 00:00:00,134.735571,0.00448,0.6041953856502242,0.05790097593467984,223,13689,1,134.735571,128.52,0.9538683737793342,0.576322869955157,128.52
2024-07-06 00:00:00,118.974198,0.00694,0.8262097083333333,0.0719747114337568,144,10669,1,118.974198,151,1.269182751708904,1.0486111111111112,151
2024-07-07 00:00:00,157.659671,0.00376,0.592705530075188,0.049469617508628806,266,15650,1,157.659671,56.07,0.3556394583621832,0.21078947368421053,56.07
2024-07-08 00:00:00,209.761732,0.00332,0.6968828305647841,0.05602610363247863,301,20607,1,209.761732,218.34,1.040895295429769,0.7253820598006645,218.34
2024-07-09 00:00:00,53.086381,0.01619,0.8596984777327936,0.05412835177160337,247,26614,4,212.345524,131.6325,2.4795907635896293,2.1317004048582997,526.53
2024-07-10 00:00:00,204.35017900000003,0.00424,0.8658905889830509,0.04162765919739255,236,37838,1,204.35017900000003,97.3,0.4761434537329179,0.4122881355932203,97.3
2024-07-19 00:00:00,42.00756666666667,0.01818,0.7637739393939394,0.05816879759981537,330,23011,6,252.0454,582.585,13.868572884091517,10.592454545454546,3495.51
2024-07-20 00:00:00,46.67739533333333,0.01846,0.8617365292307692,0.06657104159733777,325,23506,6,280.064372,81.95166666666667,1.755703506620971,1.5129538461538463,491.71000000000004
2024-07-21 00:00:00,138.736916,0.00658,0.9127428684210527,0.0564315297945902,304,28523,2,277.473832,108.635,0.7830287938647851,0.7147039473684211,217.27
2024-07-22 00:00:00,27.7679695,0.03738,1.0380549345794392,0.0709271251596424,214,19867,8,222.143756,230.865,8.314075683495691,8.630467289719627,1846.92
2024-07-23 00:00:00,32.506681625,0.02005,0.6517630401002507,0.05786681197151758,399,25697,8,260.053453,411.805,12.668318616788373,8.256741854636592,3294.44
2024-07-24 00:00:00,81.155049,0.00865,0.7016286657060519,0.05976071354933726,347,23739,3,243.465147,444.25666666666666,5.474171627530736,3.840835734870317,1332.77
2024-07-25 00:00:00,65.34676633333333,0.01017,0.664543386440678,0.059442176773802306,295,25091,3,196.040299,54.36333333333334,0.8319207878784147,0.5528474576271186,163.09
2024-07-26 00:00:00,94.1494135,0.00722,0.6797791588447653,0.059475308591282375,277,22983,2,188.298827,89.275,0.9482268309616184,0.6445848375451264,178.55
2024-07-27 00:00:00,55.105882,0.01262,0.6953423596214511,0.06544641567695962,317,22681,4,220.423528,175.0775,3.177110929827781,2.209179810725552,700.31
2024-07-28 00:00:00,24.2488474,0.02632,0.6381275631578948,0.06869361869688385,190,12673,5,121.244237,100.2,4.132155163795538,2.636842105263158,501
2024-07-29 00:00:00,11.909049000000001,0.04918,0.5856909344262295,0.08083064932126698,61,3933,3,35.727147,1889.2533333333333,158.64015114333085,92.91409836065574,5667.76
2024-07-30 00:00:00,11.920734,0.04000,0.47682936,0.05468226605504587,50,3964,2,23.841468,49.255,4.131876443178751,1.9702000000000002,98.51
2024-07-31 00:00:00,30.10499,0.02326,0.700116046511628,0.07545110275689224,43,3820,1,30.10499,64,2.1258934150119297,1.4883720930232558,64
2024-08-02 00:00:00,32.86423625,0.01370,0.45019501712328763,0.08272935494021397,292,15766,4,131.456945,76.62,2.3314097250624535,1.0495890410958906,306.48
2024-08-03 00:00:00,44.9540785,0.00755,0.3392760641509434,0.10263488242009132,795,28965,6,269.724471,85.98833333333334,1.9128038256491755,0.6489685534591195,515.9300000000001
2024-08-04 00:00:00,34.487143857142854,0.01292,0.4454059169741697,0.11770356265236469,542,23322,7,241.41000699999998,102.19142857142857,2.9631745961549973,1.3198154981549817,715.34
2024-08-05 00:00:00,91.850714,0.00755,0.6932129358490565,0.12462783446404341,265,19403,2,183.701428,454.54499999999996,4.948736707697231,3.4305283018867923,909.0899999999999
2024-08-06 00:00:00,59.95036066666666,0.00929,0.5568144953560371,0.10724572570065592,323,20570,3,179.851082,205.26999999999998,3.4239994174736186,1.906532507739938,615.81
2024-08-07 00:00:00,96.0637275,0.00662,0.6361836258278145,0.03443761516400789,302,54812,2,192.127455,67.64,0.7041159213814601,0.44794701986754965,135.28
2024-08-09 00:00:00,38.15073366666667,0.01967,0.7505062360655738,0.10287838292134832,305,21031,6,228.904402,229.8233333333333,6.024086858757744,4.5211147540983605,1378.9399999999998
2024-08-10 00:00:00,190.413042,0.00340,0.6476634081632653,0.095493,294,18195,1,190.413042,114.84,0.6031099487397508,0.3906122448979592,114.84
2024-08-11 00:00:00,66.393871,0.01068,0.7088313629893238,0.08968105042773525,281,19870,3,199.181613,77.33333333333333,1.1647661473652189,0.8256227758007118,232
2024-08-12 00:00:00,55.3128455,0.01266,0.7001626012658229,0.09657415189873418,316,23212,4,221.251382,65.895,1.1913145925569857,0.8341139240506329,263.58
2024-08-13 00:00:00,201.39000000000001,0.00315,0.6352996845425868,0.08767522855898999,317,23214,1,201.39000000000001,1501.97,7.458016783355678,4.73807570977918,1501.97
2024-08-14 00:00:00,29.97714285714286,0.02096,0.6282634730538922,0.0768363236909557,334,24367,7,209.84,270.06142857142856,9.008911551658406,5.659970059880239,1890.4299999999998
2024-08-15 00:00:00,48.72,0.01223,0.5959633027522936,0.08931255728689276,327,22088,4,194.88,197.385,4.051416256157635,2.414495412844037,789.54
2024-08-16 00:00:00,18.43909090909091,0.03064,0.5649860724233984,0.10337920489296637,359,20660,11,202.83,213.79,11.594389390129665,6.5506685236768805,2351.69
2024-08-17 00:00:00,95.53,0.00627,0.5989341692789969,0.09572144288577154,319,18023,2,191.06,68.945,0.7217104574479221,0.432257053291536,137.89
2024-08-18 00:00:00,67.64999999999999,0.01158,0.7835907335907335,0.09871108949416342,259,15941,3,202.95,157.87,2.333628972653363,1.8286100386100386,473.61
2024-08-19 00:00:00,67.28666666666668,0.00993,0.6684105960264901,0.09289461573861023,302,21593,3,201.86,177.10666666666668,2.63212127216883,1.759337748344371,531.32
2024-08-20 00:00:00,31.308333333333334,0.02620,0.8203056768558952,0.08692734844979176,229,21026,6,187.85,430.08,13.73691775352675,11.268471615720523,2580.48
2024-08-21 00:00:00,38.263999999999996,0.02058,0.7873251028806584,0.08488021295474711,243,20097,5,191.32,144.81,3.784497177503659,2.9796296296296294,724.05
2024-08-22 00:00:00,39.22,0.01887,0.74,0.08974828375286041,265,21430,5,196.1,128.618,3.2793982661907193,2.426754716981132,643.09
2024-08-23 00:00:00,188.93,0.00346,0.6537370242214533,0.07429414077860795,289,22304,1,188.93,114.2,0.6044566770761658,0.39515570934256056,114.2
2024-08-24 00:00:00,28.694,0.02083,0.5977916666666666,0.10572586588061901,240,15784,5,143.47,206.504,7.196765874398829,4.3021666666666665,1032.52
2024-08-25 00:00:00,36.449999999999996,0.02116,0.7714285714285714,0.09662027833001986,189,14051,4,145.79999999999998,74.97999999999999,2.0570644718792868,1.5868783068783066,299.91999999999996
2024-08-26 00:00:00,46.5517375,0.01429,0.6650248214285714,0.11480083230579533,140,9608,2,93.103475,87.855,1.8872550138434683,1.2550714285714286,175.71
2024-08-27 00:00:00,15.753256,0.04396,0.6924508131868132,0.02050537715587374,91,22805,4,63.013024,141.4425,8.978620038930364,6.217252747252747,565.77
2024-08-28 00:00:00,76.06274,0.00980,0.745713137254902,0.015906051861145964,102,38702,1,76.06274,372.45,4.896615609692735,3.651470588235294,372.45
2024-08-29 00:00:00,37.651366,0.01587,0.5976407301587302,0.017471631554524362,126,40046,2,75.302732,100.435,2.6674995005493294,1.5942063492063492,200.87
2024-08-31 00:00:00,26.146148,0.02970,0.7766182574257426,0.01791650159890361,101,42220,3,78.438444,92.05,3.520595079627025,2.734158415841584,276.15
2024-09-01 00:00:00,77.44425600000001,0.00962,0.7446563076923078,0.015743902419190894,104,46710,1,77.44425600000001,131.48,1.6977372731168077,1.264230769230769,131.48
2024-09-02 00:00:00,82.802573,0.01000,0.8280257299999999,0.01660701423987164,100,47935,1,82.802573,167.64,2.0245747677430264,1.6764,167.64
2024-09-03 00:00:00,35.208877,0.01852,0.6520162407407407,0.014621626661129568,108,45844,2,70.417754,697.635,19.81417924803452,12.919166666666667,1395.27
2024-09-04 00:00:00,38.312777,0.01695,0.6493691016949152,0.017766184558312078,118,46758,2,76.625554,134.635,3.514101836053283,2.2819491525423725,269.27
2024-09-05 00:00:00,15.53343422222222,0.04000,0.6213373688888889,0.038480844481145055,225,31926,9,139.800908,148.46,9.557448654053092,5.938400000000001,1336.14
2024-09-06 00:00:00,47.639235400000004,0.01608,0.7659041061093248,0.03710798831593706,311,33998,5,238.196177,714.79,15.004229056119568,11.491800643086815,3573.95
2024-09-07 00:00:00,76.365345,0.00796,0.6076817904509284,0.029717996497600208,377,34953,3,229.096035,138.34666666666666,1.8116420041926957,1.1009018567639257,415.03999999999996
2024-09-08 00:00:00,52.15871825,0.01270,0.6623329301587302,0.05437447823820693,315,20020,4,208.634873,206.91750000000002,3.9670740950387526,2.62752380952381,827.6700000000001
2024-09-09 00:00:00,42.862332200000004,0.01441,0.617612855907781,0.056235019942272375,347,21794,5,214.31166100000002,155.548,3.629013915393059,2.2413256484149855,777.74
2024-09-10 00:00:00,33.63333333333333,0.02679,0.900892857142857,0.03664427092790993,224,27116,6,201.79999999999998,448.71999999999997,13.341526263627353,12.019285714285713,2692.3199999999997
2024-09-11 00:00:00,59.3175,0.01444,0.8565703971119134,0.0333291192583228,277,71984,4,237.27,418.12,7.048847304758292,6.0378339350180505,1672.48
2024-09-12 00:00:00,226.19955099999999,0.00355,0.8021260673758864,0.03740071941137566,282,69044,1,226.19955099999999,68,0.3006195180290168,0.24113475177304963,68
2024-09-13 00:00:00,55.77712325,0.01762,0.9828567973568282,0.03838755901582932,227,69554,4,223.108493,81.9625,1.4694644546767657,1.444273127753304,327.85
2024-09-15 00:00:00,102.7556075,0.00797,0.818769780876494,0.04545702610042026,251,53038,2,205.511215,83.89,0.8164031340090127,0.6684462151394422,167.78
2024-09-16 00:00:00,40.048339600000006,0.01946,0.7791505758754864,0.04424253159522758,257,53933,5,200.241698,280.7780000000001,7.010977304037844,5.462607003891052,1403.8900000000003
2024-09-17 00:00:00,33.119131333333335,0.02076,0.6875944221453287,0.04806840541848089,289,51431,6,198.714788,212.69500000000002,6.422118921516803,4.415813148788928,1276.17
2024-09-18 00:00:00,68.62418000000001,0.01103,0.7568843382352942,0.05778067358967163,272,38337,3,205.87254000000001,139.68,2.0354341574646138,1.5405882352941178,419.04
2024-09-19 00:00:00,52.02009879999999,0.01524,0.7929893109756097,0.06895559225874867,328,27369,5,260.10049399999997,479.3860000000001,9.215399644723476,7.307713414634147,2396.9300000000003
2024-09-20 00:00:00,100.38254466666667,0.00870,0.8728916927536233,0.06929305890474,345,25407,3,301.14763400000004,273.0933333333333,2.7205261058102814,2.3747246376811595,819.28
2024-09-21 00:00:00,58.111388684351525,0.01276,0.7417125889830507,0.08218036197183097,236,14320,3.012218,175.04417099999998,142.1386579590189,2.4459690462928925,1.8142060338983048,428.15262399999995
2024-09-22 00:00:00,42.61471425,0.01646,0.7014767777777777,0.07489404964850616,243,13996,4,170.458857,153.2975,3.5972903420325064,2.5234156378600825,613.19
2024-09-23 00:00:00,26.91680450158185,0.02538,0.6830392147806005,0.0710439538794139,433,30193,10.987782,295.75598,143.20700720127138,5.32035692397496,3.634012415704388,1573.527376
2024-09-24 00:00:00,34.481453599999995,0.01812,0.6246640144927535,0.08836866632496156,276,16881,5,172.407268,237.02599999999998,6.87401415118996,4.293949275362318,1185.1299999999999
2024-09-25 00:00:00,45.2411275,0.01342,0.6072634563758389,0.10166545505617977,149,9406,2,90.482255,144.625,3.196759408792365,1.941275167785235,289.25
2024-09-26 00:00:00,12.0625,0.06897,0.8318965517241379,0.11987577639751552,116,8877,8,96.5,389.82500000000005,32.31709844559586,26.884482758620692,3118.6000000000004
2024-09-27 00:00:00,42.295,0.01818,0.769,0.10379141104294479,110,8280,2,84.59,137.18,3.2434093864522993,2.4941818181818185,274.36
2024-09-28 00:00:00,29.96666666666667,0.01807,0.541566265060241,0.09008016032064128,166,10522,3,89.9,56.80666666666667,1.8956618464961068,1.0266265060240964,170.42000000000002
2024-09-29 00:00:00,96.67,0.00781,0.755234375,0.1010135841170324,128,10508,1,96.67,103.21,1.0676528395572566,0.806328125,103.21
2024-09-30 00:00:00,106.39,0.00602,0.6409036144578313,0.09942990654205608,166,11035,1,106.39,50.63,0.47589059122097943,0.305,50.63
2024-10-01 00:00:00,105.79,0.00654,0.691437908496732,0.10484638255698712,153,13001,1,105.79,114.97,1.0867756876831458,0.751437908496732,114.97
2024-10-02 00:00:00,19.386000000000003,0.04000,0.77544,0.1073421926910299,125,11862,5,96.93,94.97200000000001,4.898999277829361,3.79888,474.86
2024-10-03 00:00:00,14.685,0.04348,0.6384782608695652,0.06659863945578232,138,11444,6,88.11,97.28666666666668,6.624900692316423,4.229855072463768,583.72
2024-10-04 00:00:00,53.15,0.00978,0.5198044009779951,0.0687803299902944,409,23641,4,212.6,215.35750000000002,4.0518814675446855,2.106185819070905,861.4300000000001
2024-10-05 00:00:00,232.64,0.00279,0.6498324022346368,0.08105923344947735,358,21864,1,232.64,49.92,0.21458046767537828,0.13944134078212292,49.92
2024-10-06 00:00:00,26.245555555555555,0.02535,0.6653802816901409,0.0822458217270195,355,24092,9,236.21,106.62222222222223,4.062486770246815,2.703098591549296,959.6000000000001
2024-10-07 00:00:00,50.035,0.01235,0.617716049382716,0.07390694239290989,324,23854,4,200.14,111.06,2.2196462476266614,1.3711111111111112,444.24
2024-10-08 00:00:00,40.73500000000001,0.01439,0.5861151079136692,0.07326438848920865,278,20435,4,162.94000000000003,1501.7250000000001,36.86571744200319,21.607553956834533,6006.900000000001
2024-10-09 00:00:00,161.22,0.00407,0.6553658536585366,0.08056971514242879,246,17844,1,161.22,58.45,0.3625480709589381,0.23760162601626017,58.45
2024-10-10 00:00:00,73.345,0.00962,0.7052403846153846,0.09343312101910828,208,17531,2,146.69,201.965929502,2.7536427773127,1.9419800913653846,403.931859004
2024-10-14 00:00:00,19.465,0.02817,0.5483098591549296,0.07993839835728953,213,17786,6,116.78999999999999,319.08401894766666,16.392705828290094,8.988282223877935,1914.504113686
2024-10-15 00:00:00,68.19,0.00733,0.49956043956043955,0.09818574514038876,273,19631,2,136.38,143.2,2.100014664906878,1.049084249084249,286.4
2024-10-16 00:00:00,37.1925,0.01471,0.5469485294117648,0.12305210918114144,272,17602,4,148.77,117.7175,3.165087047119715,1.731139705882353,470.87
2024-10-17 00:00:00,19.506249999999998,0.03089,0.6025096525096525,0.12584677419354837,259,17923,8,156.04999999999998,197.3854739855,10.119088701595643,6.096848617312741,1579.083791884
2024-10-18 00:00:00,66.55,0.00913,0.6077625570776255,0.13807053941908712,219,13412,2,133.1,141.3601877455,2.1241200262284,1.2909606186803655,282.720375491
2024-10-19 00:00:00,43.61666666666667,0.01714,0.7477142857142857,0.1746995994659546,175,10612,3,130.85,170.21036966666665,3.9024158119984715,2.9178920514285713,510.631109
2024-10-20 00:00:00,72.08,0.00943,0.6799999999999999,0.16723897911832947,212,11762,2,144.16,233.5,3.2394561598224194,2.202830188679245,467
2024-10-21 00:00:00,28.563888754904657,0.03022,0.8633132530120482,0.15442887931034482,166,13047,5.017174,143.31,275.40100014470295,9.641579355941664,8.323703237951808,1381.7347375
2024-10-22 00:00:00,60.805,0.01515,0.9212878787878788,0.2738963963963964,132,9596,2,121.61,394.065,6.480799276375298,5.970681818181818,788.13
2024-10-23 00:00:00,27.1125,0.03604,0.977027027027027,1.4856164383561645,111,8716,4,108.45,93.5,3.448593822037805,3.369369369369369,374
2024-10-25 00:00:00,46.9,0.02344,1.09921875,1.737037037037037,128,10151,3,140.7,248,5.287846481876333,5.8125,744
2024-10-26 00:00:00,34.415,0.02878,0.9903597122302158,1.6995061728395062,139,10679,4,137.66,143.1975,4.160903675722795,4.120791366906475,572.79
2024-10-27 00:00:00,35.525,0.03175,1.1277777777777778,1.79873417721519,126,9346,4,142.1,156.2975,4.399648135116116,4.961825396825398,625.19
2024-10-28 00:00:00,64.88000000000001,0.01869,1.2127102803738319,1.7535135135135138,107,10724,2,129.76000000000002,149.485,2.3040228113440198,2.7941121495327104,298.97
2024-10-29 00:00:00,33.465,0.03008,1.0064661654135338,1.4709890109890111,133,9711,4,133.86,141.58868539974998,4.230948316143731,4.258306327812029,566.3547415989999
2024-10-30 00:00:00,125.34,0.00917,1.149908256880734,1.56675,109,9172,1,125.34,1958,15.621509494175841,17.96330275229358,1958
2024-11-02 00:00:00,25.566666666666666,0.04380,1.1197080291970802,0.42849162011173186,137,13249,6,153.4,120.645,4.71883963494133,5.283722627737227,723.87
2024-11-03 00:00:00,35.048750000000005,0.02260,0.7920621468926555,0.1779124365482234,354,24885,8,280.39000000000004,106.62875,3.042298227468882,2.409689265536723,853.03
